model,group,acc,macro_f1,f1_low,f1_med,f1_high,rec_high,prec_high,seed,infer_ms_per_sample,t_high
A1 Rule (timing),RULE,0.7694117647058824,0.7654114333990426,0.8059701492537313,0.728,0.7622641509433963,0.6824324324324325,0.8632478632478633,0,,
A2 Rule (timing+red flags),RULE,0.7976470588235294,0.7907915602261891,0.8409893992932862,0.70995670995671,0.8214285714285714,0.9324324324324325,0.7340425531914894,0,,
TS/LR,TS,0.7552941176470588,0.7560751097636483,0.7971014492753623,0.7284768211920529,0.7426470588235294,0.6824324324324325,0.8145161290322581,0,0.002346588230198797,
TS/RF,TS,0.8047058823529412,0.8028347578347578,0.8472222222222222,0.8012820512820513,0.76,0.6418918918918919,0.9313725490196079,0,0.08144305882845347,
TS/XGB,TS,0.7905882352941176,0.7899467112065537,0.8333333333333334,0.7727272727272727,0.7637795275590551,0.6554054054054054,0.9150943396226415,0,0.009701411763671786,
SYM/XGB,SYM,0.788235294117647,0.7896046283867958,0.7985347985347986,0.7612903225806451,0.8089887640449438,0.7297297297297297,0.907563025210084,0,0.009904000000781654,
HYBRID/LR,HYBRID,0.8117647058823529,0.8119053564327264,0.7970479704797048,0.7755102040816326,0.8631578947368421,0.831081081081081,0.8978102189781022,0,0.002782352941507912,
HYBRID/RF,HYBRID,0.8329411764705882,0.8311025106545834,0.8621908127208481,0.8391167192429022,0.792,0.668918918918919,0.9705882352941176,0,0.08138870588428451,
HYBRID/XGB,HYBRID,0.851764705882353,0.8519922838711155,0.8581560283687943,0.8406779661016949,0.8571428571428571,0.7905405405405406,0.936,0,0.014178117648150551,
TS+PAIN/XGB,TS+PAIN,0.8235294117647058,0.8226122958257713,0.8551724137931035,0.8157894736842105,0.796875,0.6891891891891891,0.9444444444444444,0,0.010781176473863204,
TS+CHECK/XGB,TS+CHECK,0.8211764705882353,0.8209626659255435,0.8480565371024735,0.8133333333333334,0.8014981273408239,0.722972972972973,0.8991596638655462,0,0.011155529406524319,
TS+NLP/XGB,TS+NLP,0.8282352941176471,0.8287510741282679,0.8571428571428571,0.8078175895765473,0.8212927756653993,0.7297297297297297,0.9391304347826087,0,0.01199929411728483,
HYBRID/XGB+guard,HYBRID,0.8235294117647058,0.8227011194188666,0.8379446640316206,0.7896678966789668,0.8404907975460123,0.9256756756756757,0.7696629213483146,0,,
HYBRID/XGB+safety,HYBRID,0.8235294117647058,0.8225040559616992,0.8379446640316206,0.7881040892193308,0.8414634146341463,0.9324324324324325,0.7666666666666667,0,,0.4600000000000001
A1 Rule (timing),RULE,0.7742663656884876,0.7740898910415933,0.7788778877887789,0.7379310344827587,0.8054607508532423,0.7421383647798742,0.8805970149253731,1,,
A2 Rule (timing+red flags),RULE,0.7539503386004515,0.7477477880363562,0.7607843137254902,0.6846153846153846,0.7978436657681941,0.9308176100628931,0.6981132075471698,1,,
TS/LR,TS,0.7562076749435666,0.758583938241733,0.7984790874524715,0.7272727272727273,0.75,0.7169811320754716,0.7862068965517242,1,0.002313092548773849,
TS/RF,TS,0.7990970654627539,0.8008464089179149,0.8409090909090909,0.7869822485207101,0.7746478873239436,0.6918238993710691,0.88,1,0.07888171557565934,
TS/XGB,TS,0.7945823927765236,0.7960374560136172,0.8314606741573034,0.7831325301204819,0.7735191637630662,0.6981132075471698,0.8671875,1,0.009297742664382496,
SYM/XGB,SYM,0.7358916478555305,0.7403153397777054,0.782258064516129,0.6979472140762464,0.7407407407407407,0.6918238993710691,0.7971014492753623,1,0.009877200897808793,
HYBRID/LR,HYBRID,0.7697516930022573,0.7727565039462146,0.8,0.7272727272727273,0.7909967845659164,0.7735849056603774,0.8092105263157895,1,0.0025505643336256887,
HYBRID/RF,HYBRID,0.8148984198645598,0.8164129987659399,0.8461538461538461,0.8058823529411765,0.7972027972027972,0.7169811320754716,0.8976377952755905,1,0.08020744921203858,
HYBRID/XGB,HYBRID,0.8397291196388262,0.8415824667150223,0.8648648648648649,0.8170731707317073,0.842809364548495,0.7924528301886793,0.9,1,0.013743566594396153,
TS+PAIN/XGB,TS+PAIN,0.7945823927765236,0.7968525141894208,0.8452830188679246,0.7771084337349398,0.7681660899653979,0.6981132075471698,0.8538461538461538,1,0.009776749437594465,
TS+CHECK/XGB,TS+CHECK,0.8148984198645598,0.8163039978387515,0.8409090909090909,0.8012232415902141,0.8067796610169492,0.7484276729559748,0.875,1,0.010634537242732955,
TS+NLP/XGB,TS+NLP,0.8284424379232506,0.8303069873075458,0.8549618320610687,0.8048780487804879,0.831081081081081,0.7735849056603774,0.8978102189781022,1,0.010670654628237679,
HYBRID/XGB+guard,HYBRID,0.781038374717833,0.7823500735068629,0.808695652173913,0.7482993197278912,0.7900552486187845,0.89937106918239,0.7044334975369458,1,,
HYBRID/XGB+safety,HYBRID,0.781038374717833,0.7821599286161525,0.808695652173913,0.7465753424657534,0.7912087912087912,0.9056603773584906,0.7024390243902439,1,,0.44000000000000006
A1 Rule (timing),RULE,0.8051643192488263,0.7986394287007638,0.8517350157728707,0.7296137339055794,0.8145695364238411,0.7454545454545455,0.8978102189781022,2,,
A2 Rule (timing+red flags),RULE,0.8098591549295775,0.8017481728705835,0.8413284132841329,0.7323943661971831,0.8315217391304348,0.9272727272727272,0.7536945812807881,2,,
TS/LR,TS,0.7605633802816901,0.7566303428372394,0.8571428571428571,0.6666666666666666,0.7460815047021944,0.7212121212121212,0.7727272727272727,2,0.002234037558355767,
TS/RF,TS,0.8333333333333334,0.8335136340934547,0.8865248226950354,0.8083623693379791,0.8056537102473498,0.6909090909090909,0.9661016949152542,2,0.08335399060953351,
TS/XGB,TS,0.8356807511737089,0.8356979598214497,0.8904593639575972,0.8043478260869565,0.8122866894197952,0.7212121212121212,0.9296875,2,0.009946478870650862,
SYM/XGB,SYM,0.7746478873239436,0.7783261865249805,0.8830188679245283,0.6959459459459459,0.7560137457044673,0.6666666666666666,0.873015873015873,2,0.010666666665355491,
HYBRID/LR,HYBRID,0.8262910798122066,0.8256032043217397,0.8939393939393939,0.7443609022556391,0.8385093167701864,0.8181818181818182,0.8598726114649682,2,0.002372535206585196,
HYBRID/RF,HYBRID,0.8450704225352113,0.8463125028846679,0.9084249084249084,0.8041237113402062,0.8263888888888888,0.7212121212121212,0.967479674796748,2,0.08219600939310753,
HYBRID/XGB,HYBRID,0.8873239436619719,0.8869434654564765,0.9236363636363636,0.8475836431226765,0.8896103896103896,0.8303030303030303,0.958041958041958,2,0.01349929577923498,
TS+PAIN/XGB,TS+PAIN,0.8380281690140845,0.8382477560408633,0.8848920863309353,0.8043478260869565,0.825503355704698,0.7454545454545455,0.924812030075188,2,0.009883568080266754,
TS+CHECK/XGB,TS+CHECK,0.8450704225352113,0.844555295438565,0.9045936395759717,0.7985074626865671,0.8305647840531561,0.7575757575757576,0.9191176470588235,2,0.01086150234374666,
TS+NLP/XGB,TS+NLP,0.8896713615023474,0.8889508349167645,0.9236363636363636,0.846441947565543,0.896774193548387,0.8424242424242424,0.9586206896551724,2,0.010431455400105054,
HYBRID/XGB+guard,HYBRID,0.8380281690140845,0.8381933115453452,0.8548387096774194,0.8221343873517787,0.8376068376068376,0.8909090909090909,0.7903225806451613,2,,
HYBRID/XGB+safety,HYBRID,0.8356807511737089,0.8360073539194698,0.8548387096774194,0.8188976377952756,0.8342857142857143,0.8848484848484849,0.7891891891891892,2,,0.54
A1 Rule (timing),RULE,0.7892271662763466,0.7869774092078924,0.8246153846153846,0.7286245353159851,0.8076923076923077,0.7446808510638298,0.8823529411764706,3,,
A2 Rule (timing+red flags),RULE,0.7939110070257611,0.7872576411497052,0.8178694158075601,0.7053941908713693,0.8385093167701864,0.9574468085106383,0.7458563535911602,3,,
TS/LR,TS,0.775175644028103,0.7757320552530094,0.8327402135231317,0.7241379310344828,0.7703180212014135,0.7730496453900709,0.7676056338028169,3,0.002197892274500353,
TS/RF,TS,0.8266978922716628,0.8273560155436229,0.8642857142857143,0.8013029315960912,0.8164794007490637,0.7730496453900709,0.8650793650793651,3,0.0826929742439712,
TS/XGB,TS,0.8290398126463701,0.8293619426509272,0.856140350877193,0.8066666666666666,0.8252788104089219,0.7872340425531915,0.8671875,3,0.009160655739390568,
SYM/XGB,SYM,0.7915690866510539,0.7934858545839106,0.8424908424908425,0.7350993377483444,0.8028673835125448,0.7943262411347518,0.8115942028985508,3,0.010135128806629796,
HYBRID/LR,HYBRID,0.8032786885245902,0.803767417280496,0.8447653429602888,0.7291666666666666,0.8373702422145328,0.8581560283687943,0.8175675675675675,3,0.002425526930193746,
HYBRID/RF,HYBRID,0.8360655737704918,0.8371720391657091,0.8736462093862816,0.803921568627451,0.8339483394833949,0.8014184397163121,0.8692307692307693,3,0.08302810304547088,
HYBRID/XGB,HYBRID,0.8711943793911007,0.8716614815675946,0.8857142857142857,0.8395904436860068,0.8896797153024911,0.8865248226950354,0.8928571428571429,3,0.012621779855440505,
TS+PAIN/XGB,TS+PAIN,0.8337236533957846,0.8339242044505202,0.8631578947368421,0.8095238095238095,0.8290909090909091,0.8085106382978723,0.8507462686567164,3,0.00948501171033548,
TS+CHECK/XGB,TS+CHECK,0.8337236533957846,0.8340808731786176,0.8631578947368421,0.8027210884353742,0.8363636363636363,0.8156028368794326,0.8582089552238806,3,0.010792271666426705,
TS+NLP/XGB,TS+NLP,0.8711943793911007,0.8715682872779928,0.8865248226950354,0.8424657534246576,0.8857142857142857,0.8794326241134752,0.8920863309352518,3,0.010636768153725756,
HYBRID/XGB+guard,HYBRID,0.8149882903981265,0.8140010237732122,0.8461538461538461,0.7640449438202247,0.8318042813455657,0.9645390070921985,0.7311827956989247,3,,
HYBRID/XGB+safety,HYBRID,0.7915690866510539,0.7898791913214991,0.8461538461538461,0.71875,0.8047337278106509,0.9645390070921985,0.6903553299492385,3,,0.2
A1 Rule (timing),RULE,0.7676056338028169,0.7601419287343214,0.8023952095808383,0.6752136752136753,0.8028169014084507,0.7261146496815286,0.8976377952755905,4,,
A2 Rule (timing+red flags),RULE,0.7910798122065728,0.7805753885276551,0.7889273356401384,0.7064220183486238,0.8463768115942029,0.9299363057324841,0.776595744680851,4,,
TS/LR,TS,0.7699530516431925,0.7643270606501643,0.8445945945945946,0.6776859504132231,0.7707006369426752,0.7707006369426752,0.7707006369426752,4,0.0028908450669934754,
TS/RF,TS,0.8215962441314554,0.8202679417053642,0.8619528619528619,0.7806691449814126,0.8181818181818182,0.7452229299363057,0.9069767441860465,4,0.08605610328829495,
TS/XGB,TS,0.795774647887324,0.795127133011092,0.8321678321678322,0.7545787545787546,0.7986348122866894,0.7452229299363057,0.8602941176470589,4,0.010450234740645681,
SYM/XGB,SYM,0.7934272300469484,0.7890326120529232,0.8464163822525598,0.7063492063492064,0.8143322475570033,0.7961783439490446,0.8333333333333334,4,0.01072065727688217,
HYBRID/LR,HYBRID,0.8309859154929577,0.8275212193673713,0.8650519031141869,0.751937984496124,0.8655737704918033,0.8407643312101911,0.8918918918918919,4,0.00253802816911782,
HYBRID/RF,HYBRID,0.8262910798122066,0.8249573256901054,0.8561872909698997,0.7865168539325843,0.8321678321678322,0.7579617834394905,0.9224806201550387,4,0.08380023474004906,
HYBRID/XGB,HYBRID,0.8544600938967136,0.8530934205386695,0.8680555555555556,0.8120300751879699,0.8791946308724832,0.8343949044585988,0.9290780141843972,4,0.013176056332249487,
TS+PAIN/XGB,TS+PAIN,0.7981220657276995,0.796723544019867,0.8287671232876712,0.7518796992481203,0.8095238095238095,0.7579617834394905,0.8686131386861314,4,0.010798122066219596,
TS+CHECK/XGB,TS+CHECK,0.8098591549295775,0.8088336947237007,0.8491228070175438,0.7640449438202247,0.8133333333333334,0.7770700636942676,0.8531468531468531,4,0.011600000000388817,
TS+NLP/XGB,TS+NLP,0.8380281690140845,0.8365269423321858,0.8611111111111112,0.7865168539325843,0.8619528619528619,0.8152866242038217,0.9142857142857143,4,0.010734507036581197,
HYBRID/XGB+guard,HYBRID,0.8286384976525821,0.8251853944903362,0.816793893129771,0.8016194331983806,0.8571428571428571,0.9363057324840764,0.7903225806451613,4,,
HYBRID/XGB+safety,HYBRID,0.823943661971831,0.8199810955064394,0.816793893129771,0.7901234567901234,0.8530259365994236,0.9426751592356688,0.7789473684210526,4,,0.4
