model,acc,macro_f1,f1_low,f1_med,f1_high,rec_high,prec_high
A1 Rule (timing),0.781 ± 0.016,0.777 ± 0.016,0.813 ± 0.027,0.72 ± 0.025,0.799 ± 0.021,0.728 ± 0.027,0.884 ± 0.014
A2 Rule (timing+red flags),0.789 ± 0.021,0.782 ± 0.02,0.81 ± 0.035,0.708 ± 0.017,0.827 ± 0.019,0.936 ± 0.012,0.742 ± 0.029
TS/LR,0.763 ± 0.009,0.762 ± 0.008,0.826 ± 0.027,0.705 ± 0.03,0.756 ± 0.014,0.733 ± 0.039,0.782 ± 0.019
TS/RF,0.817 ± 0.015,0.817 ± 0.015,0.86 ± 0.018,0.796 ± 0.011,0.795 ± 0.026,0.709 ± 0.051,0.91 ± 0.04
TS/XGB,0.809 ± 0.021,0.809 ± 0.022,0.849 ± 0.026,0.784 ± 0.022,0.795 ± 0.026,0.721 ± 0.049,0.888 ± 0.032
SYM/XGB,0.777 ± 0.024,0.778 ± 0.022,0.831 ± 0.04,0.719 ± 0.028,0.785 ± 0.034,0.736 ± 0.059,0.845 ± 0.045
HYBRID/LR,0.808 ± 0.024,0.808 ± 0.022,0.84 ± 0.042,0.746 ± 0.02,0.839 ± 0.03,0.824 ± 0.032,0.855 ± 0.041
HYBRID/RF,0.831 ± 0.011,0.831 ± 0.011,0.869 ± 0.024,0.808 ± 0.019,0.816 ± 0.02,0.733 ± 0.05,0.925 ± 0.044
HYBRID/XGB,0.861 ± 0.019,0.861 ± 0.018,0.88 ± 0.026,0.831 ± 0.016,0.872 ± 0.021,0.827 ± 0.039,0.923 ± 0.027
TS+PAIN/XGB,0.818 ± 0.02,0.818 ± 0.02,0.855 ± 0.021,0.792 ± 0.027,0.806 ± 0.025,0.74 ± 0.048,0.888 ± 0.043
TS+CHECK/XGB,0.825 ± 0.014,0.825 ± 0.014,0.861 ± 0.026,0.796 ± 0.019,0.818 ± 0.015,0.764 ± 0.035,0.881 ± 0.028
TS+NLP/XGB,0.851 ± 0.028,0.851 ± 0.027,0.877 ± 0.029,0.818 ± 0.026,0.859 ± 0.033,0.808 ± 0.058,0.92 ± 0.028
HYBRID/XGB+guard,0.817 ± 0.022,0.816 ± 0.021,0.833 ± 0.02,0.785 ± 0.029,0.831 ± 0.025,0.923 ± 0.03,0.757 ± 0.038
HYBRID/XGB+safety,0.811 ± 0.023,0.81 ± 0.023,0.833 ± 0.02,0.772 ± 0.04,0.825 ± 0.026,0.926 ± 0.031,0.746 ± 0.046
